EVA3_6_CURSORES

Microsoft Windows [VersiÃ³n 10.0.22631.4317]
(c) Microsoft Corporation. Todos los derechos reservados.

C:\Users\tejed>mysqlsh
MySQL Shell 8.0.38

Copyright (c) 2016, 2024, Oracle and/or its affiliates.
Oracle is a registered trademark of Oracle Corporation and/or its affiliates.
Other names may be trademarks of their respective owners.

Type '\help' or '\?' for help; '\quit' to exit.
 MySQL  JS > \sql
Switching to SQL mode... Commands end with ;
 MySQL  SQL > \connect --mc root@localhost
Creating a Classic session to 'root@localhost'
Fetching global names for auto-completion... Press ^C to stop.
Your MySQL connection id is 12
Server version: 8.0.39 MySQL Community Server - GPL
No default schema selected; type \use <schema> to set one.
 MySQL  localhost:3306 ssl  SQL > show databases;
+--------------------+
| Database           |
+--------------------+
| empresa            |
| empresa1           |
| information_schema |
| mysql              |
| performance_schema |
| sakila             |
| sys                |
| tbd_e1             |
| tbd_e2             |
| tbd_e3             |
| world              |
+--------------------+
11 rows in set (0.0028 sec)
 MySQL  localhost:3306 ssl  SQL > use tbd_e3;
Default schema set to `tbd_e3`.
Fetching global names, object names from `tbd_e3` for auto-completion... Press ^C to stop.
 MySQL  localhost:3306 ssl  tbd_e3  SQL > create table prueba(
                                       -> id int key not null);
Query OK, 0 rows affected (0.0659 sec)
 MySQL  localhost:3306 ssl  tbd_e3  SQL > desc prueba;
+-------+------+------+-----+---------+-------+
| Field | Type | Null | Key | Default | Extra |
+-------+------+------+-----+---------+-------+
| id    | int  | NO   | PRI | NULL    |       |
+-------+------+------+-----+---------+-------+
1 row in set (0.0147 sec)
 MySQL  localhost:3306 ssl  tbd_e3  SQL > call insertar_prueba(1);
+-------------------------------+
| Mensaje                       |
+-------------------------------+
| Clave correctamente insertada |
+-------------------------------+
1 row in set (0.0275 sec)

Query OK, 0 rows affected (0.0275 sec)
 MySQL  localhost:3306 ssl  tbd_e3  SQL > call insertar_prueba(1);
+------------------------+
| Mensaje                |
+------------------------+
| Error: clave duplicada |
+------------------------+
1 row in set (0.0117 sec)

Query OK, 0 rows affected (0.0117 sec)
 MySQL  localhost:3306 ssl  tbd_e3  SQL > show tables;
+------------------+
| Tables_in_tbd_e3 |
+------------------+
| productos        |
| prueba           |
+------------------+
2 rows in set (0.0023 sec)
 MySQL  localhost:3306 ssl  tbd_e3  SQL > use empresa1;
Default schema set to `empresa1`.
Fetching global names, object names from `empresa1` for auto-completion... Press ^C to stop.
 MySQL  localhost:3306 ssl  empresa1  SQL > set @valor = 0;
Query OK, 0 rows affected (0.0006 sec)
 MySQL  localhost:3306 ssl  empresa1  SQL > call contar_paises(@valor);
Query OK, 0 rows affected (0.0144 sec)
 MySQL  localhost:3306 ssl  empresa1  SQL > select @valor;
+--------+
| @valor |
+--------+
|     30 |
+--------+
1 row in set (0.0006 sec)
 MySQL  localhost:3306 ssl  empresa1  SQL > select * FROM countries;
+------------+--------------------------+-----------+
| COUNTRY_ID | COUNTRY_NAME             | REGION_ID |
+------------+--------------------------+-----------+
| AR         | Argentina                |         2 |
| AU         | Australia                |         3 |
| BE         | Belgium                  |         1 |
| BR         | Brazil                   |         2 |
| CA         | Canada                   |         2 |
| CH         | Switzerland              |         1 |
| CN         | China                    |         3 |
| DE         | Germany                  |         1 |
| DK         | Denmark                  |         1 |
| EG         | Egypt                    |         4 |
| FR         | France                   |         1 |
| HK         | HongKong                 |         3 |
| IL         | Israel                   |         4 |
| IN         | India                    |         3 |
| IT         | Italy                    |         1 |
| JP         | Japan                    |         3 |
| KW         | Kuwait                   |         4 |
| MX         | Mexico                   |         2 |
| NG         | Nigeria                  |         4 |
| NL         | Netherlands              |         1 |
| PA         | PANGEA                   |      NULL |
| SG         | Singapore                |         3 |
| UK         | United Kingdom           |         1 |
| US         | United States of America |         2 |
| XX         | NULL                     |      NULL |
| YY         | OTRO                     |         1 |
| ZM         | Zambia                   |         4 |
| ZW         | Zimbabwe                 |         4 |
| ZZ         | SIN PAIS                 |         1 |
+------------+--------------------------+-----------+
29 rows in set (0.0010 sec)
 MySQL  localhost:3306 ssl  empresa1  SQL >